DENG;INDEX_I;TIME_INDEX;DATES
25.36076;1.0;0;01.Jan.2022
25.36076;2.0;0;01.Jan.2022
25.36076;3.0;0;01.Jan.2022
25.36076;4.0;0;01.Jan.2022
25.36076;5.0;0;01.Jan.2022
25.36076;6.0;0;01.Jan.2022
25.36076;7.0;0;01.Jan.2022
25.36076;8.0;0;01.Jan.2022
25.36076;9.0;0;01.Jan.2022
25.36076;10.0;0;01.Jan.2022
25.36076;11.0;0;01.Jan.2022
25.36076;12.0;0;01.Jan.2022
25.36076;13.0;0;01.Jan.2022
25.36076;14.0;0;01.Jan.2022
25.36076;15.0;0;01.Jan.2022
25.36076;16.0;0;01.Jan.2022
25.36076;17.0;0;01.Jan.2022
25.36076;18.0;0;01.Jan.2022
25.36076;19.0;0;01.Jan.2022
25.36076;20.0;0;01.Jan.2022
25.36076;21.0;0;01.Jan.2022
25.36076;22.0;0;01.Jan.2022
25.36076;23.0;0;01.Jan.2022
25.36076;24.0;0;01.Jan.2022
25.36076;25.0;0;01.Jan.2022
25.36076;26.0;0;01.Jan.2022
25.36076;27.0;0;01.Jan.2022
25.36076;28.0;0;01.Jan.2022
25.36076;29.0;0;01.Jan.2022
25.36076;30.0;0;01.Jan.2022
25.36076;31.0;0;01.Jan.2022
25.36076;32.0;0;01.Jan.2022
25.36076;33.0;0;01.Jan.2022
25.36076;34.0;0;01.Jan.2022
25.36076;35.0;0;01.Jan.2022
25.36076;36.0;0;01.Jan.2022
25.36076;37.0;0;01.Jan.2022
25.36076;38.0;0;01.Jan.2022
25.36076;39.0;0;01.Jan.2022
25.36076;40.0;0;01.Jan.2022
25.36076;41.0;0;01.Jan.2022
25.36076;42.0;0;01.Jan.2022
25.36076;43.0;0;01.Jan.2022
25.36076;44.0;0;01.Jan.2022
25.36076;45.0;0;01.Jan.2022
25.36076;46.0;0;01.Jan.2022
25.36076;47.0;0;01.Jan.2022
25.36076;48.0;0;01.Jan.2022
25.36076;49.0;0;01.Jan.2022
25.36076;50.0;0;01.Jan.2022
25.36076;51.0;0;01.Jan.2022
25.36076;52.0;0;01.Jan.2022
25.36076;53.0;0;01.Jan.2022
25.36076;54.0;0;01.Jan.2022
25.36076;55.0;0;01.Jan.2022
25.36076;56.0;0;01.Jan.2022
25.36076;57.0;0;01.Jan.2022
25.36076;58.0;0;01.Jan.2022
25.36076;59.0;0;01.Jan.2022
25.36076;60.0;0;01.Jan.2022
25.36076;61.0;0;01.Jan.2022
25.36076;62.0;0;01.Jan.2022
25.36076;63.0;0;01.Jan.2022
25.36076;64.0;0;01.Jan.2022
25.36076;65.0;0;01.Jan.2022
25.36076;66.0;0;01.Jan.2022
25.36076;67.0;0;01.Jan.2022
25.36076;68.0;0;01.Jan.2022
25.36076;69.0;0;01.Jan.2022
25.36076;70.0;0;01.Jan.2022
25.36076;71.0;0;01.Jan.2022
25.36076;72.0;0;01.Jan.2022
25.36076;73.0;0;01.Jan.2022
25.36076;74.0;0;01.Jan.2022
25.36076;75.0;0;01.Jan.2022
25.36076;76.0;0;01.Jan.2022
25.36076;77.0;0;01.Jan.2022
25.36076;78.0;0;01.Jan.2022
25.36076;79.0;0;01.Jan.2022
25.36076;80.0;0;01.Jan.2022
25.36076;81.0;0;01.Jan.2022
25.36076;82.0;0;01.Jan.2022
25.36076;83.0;0;01.Jan.2022
25.36076;84.0;0;01.Jan.2022
25.36076;85.0;0;01.Jan.2022
25.36076;86.0;0;01.Jan.2022
25.36076;87.0;0;01.Jan.2022
25.36076;88.0;0;01.Jan.2022
25.36076;89.0;0;01.Jan.2022
25.36076;90.0;0;01.Jan.2022
25.36076;91.0;0;01.Jan.2022
25.36076;92.0;0;01.Jan.2022
25.36076;93.0;0;01.Jan.2022
25.36076;94.0;0;01.Jan.2022
25.36076;95.0;0;01.Jan.2022
25.36076;96.0;0;01.Jan.2022
25.36076;97.0;0;01.Jan.2022
25.36076;98.0;0;01.Jan.2022
25.36076;99.0;0;01.Jan.2022
25.36076;100.0;0;01.Jan.2022
2.94736;101.0;0;01.Jan.2022
2.94736;102.0;0;01.Jan.2022
2.94736;103.0;0;01.Jan.2022
2.94736;104.0;0;01.Jan.2022
2.94736;105.0;0;01.Jan.2022
2.94736;106.0;0;01.Jan.2022
2.94736;107.0;0;01.Jan.2022
2.94736;108.0;0;01.Jan.2022
2.94736;109.0;0;01.Jan.2022
2.94736;110.0;0;01.Jan.2022
2.94736;111.0;0;01.Jan.2022
2.94736;112.0;0;01.Jan.2022
2.94736;113.0;0;01.Jan.2022
2.94736;114.0;0;01.Jan.2022
2.94736;115.0;0;01.Jan.2022
2.94736;116.0;0;01.Jan.2022
2.94736;117.0;0;01.Jan.2022
2.94736;118.0;0;01.Jan.2022
2.94736;119.0;0;01.Jan.2022
2.94736;120.0;0;01.Jan.2022
2.94736;121.0;0;01.Jan.2022
2.94736;122.0;0;01.Jan.2022
2.94736;123.0;0;01.Jan.2022
2.94736;124.0;0;01.Jan.2022
2.94736;125.0;0;01.Jan.2022
2.94736;126.0;0;01.Jan.2022
2.94736;127.0;0;01.Jan.2022
2.94736;128.0;0;01.Jan.2022
2.94736;129.0;0;01.Jan.2022
2.94736;130.0;0;01.Jan.2022
2.94736;131.0;0;01.Jan.2022
2.94736;132.0;0;01.Jan.2022
2.94736;133.0;0;01.Jan.2022
2.94736;134.0;0;01.Jan.2022
2.94736;135.0;0;01.Jan.2022
2.94736;136.0;0;01.Jan.2022
2.94736;137.0;0;01.Jan.2022
2.94736;138.0;0;01.Jan.2022
2.94736;139.0;0;01.Jan.2022
2.94736;140.0;0;01.Jan.2022
2.94736;141.0;0;01.Jan.2022
2.94736;142.0;0;01.Jan.2022
2.94736;143.0;0;01.Jan.2022
2.94736;144.0;0;01.Jan.2022
2.94736;145.0;0;01.Jan.2022
2.94736;146.0;0;01.Jan.2022
2.94736;147.0;0;01.Jan.2022
2.94736;148.0;0;01.Jan.2022
2.94736;149.0;0;01.Jan.2022
2.94736;150.0;0;01.Jan.2022
2.94736;151.0;0;01.Jan.2022
2.94736;152.0;0;01.Jan.2022
2.94736;153.0;0;01.Jan.2022
2.94736;154.0;0;01.Jan.2022
2.94736;155.0;0;01.Jan.2022
2.94736;156.0;0;01.Jan.2022
2.94736;157.0;0;01.Jan.2022
2.94736;158.0;0;01.Jan.2022
2.94736;159.0;0;01.Jan.2022
2.94736;160.0;0;01.Jan.2022
2.94736;161.0;0;01.Jan.2022
2.94736;162.0;0;01.Jan.2022
2.94736;163.0;0;01.Jan.2022
2.94736;164.0;0;01.Jan.2022
2.94736;165.0;0;01.Jan.2022
2.94736;166.0;0;01.Jan.2022
2.94736;167.0;0;01.Jan.2022
2.94736;168.0;0;01.Jan.2022
2.94736;169.0;0;01.Jan.2022
2.94736;170.0;0;01.Jan.2022
2.94736;171.0;0;01.Jan.2022
2.94736;172.0;0;01.Jan.2022
2.94736;173.0;0;01.Jan.2022
2.94736;174.0;0;01.Jan.2022
2.94736;175.0;0;01.Jan.2022
2.94736;176.0;0;01.Jan.2022
2.94736;177.0;0;01.Jan.2022
2.94736;178.0;0;01.Jan.2022
2.94736;179.0;0;01.Jan.2022
2.94736;180.0;0;01.Jan.2022
2.94736;181.0;0;01.Jan.2022
2.94736;182.0;0;01.Jan.2022
2.94736;183.0;0;01.Jan.2022
2.94736;184.0;0;01.Jan.2022
2.94736;185.0;0;01.Jan.2022
2.94736;186.0;0;01.Jan.2022
2.94736;187.0;0;01.Jan.2022
2.94736;188.0;0;01.Jan.2022
2.94736;189.0;0;01.Jan.2022
2.94736;190.0;0;01.Jan.2022
2.94736;191.0;0;01.Jan.2022
2.94736;192.0;0;01.Jan.2022
2.94736;193.0;0;01.Jan.2022
2.94736;194.0;0;01.Jan.2022
2.94736;195.0;0;01.Jan.2022
2.94736;196.0;0;01.Jan.2022
2.94736;197.0;0;01.Jan.2022
2.94736;198.0;0;01.Jan.2022
2.94736;199.0;0;01.Jan.2022
2.94736;200.0;0;01.Jan.2022
25.36872;1.0;1;04.Jan.2022
25.36872;2.0;1;04.Jan.2022
25.36872;3.0;1;04.Jan.2022
25.36872;4.0;1;04.Jan.2022
25.36872;5.0;1;04.Jan.2022
25.36872;6.0;1;04.Jan.2022
25.36872;7.0;1;04.Jan.2022
25.36872;8.0;1;04.Jan.2022
25.36872;9.0;1;04.Jan.2022
25.36872;10.0;1;04.Jan.2022
25.36872;11.0;1;04.Jan.2022
25.36872;12.0;1;04.Jan.2022
25.36872;13.0;1;04.Jan.2022
25.36872;14.0;1;04.Jan.2022
25.36872;15.0;1;04.Jan.2022
25.36872;16.0;1;04.Jan.2022
25.36871;17.0;1;04.Jan.2022
25.36871;18.0;1;04.Jan.2022
25.36871;19.0;1;04.Jan.2022
25.36871;20.0;1;04.Jan.2022
25.36871;21.0;1;04.Jan.2022
25.3687;22.0;1;04.Jan.2022
25.3687;23.0;1;04.Jan.2022
25.3687;24.0;1;04.Jan.2022
25.36869;25.0;1;04.Jan.2022
25.36868;26.0;1;04.Jan.2022
25.36868;27.0;1;04.Jan.2022
25.36867;28.0;1;04.Jan.2022
25.36866;29.0;1;04.Jan.2022
25.36865;30.0;1;04.Jan.2022
25.36863;31.0;1;04.Jan.2022
25.36861;32.0;1;04.Jan.2022
25.36859;33.0;1;04.Jan.2022
25.36856;34.0;1;04.Jan.2022
25.36852;35.0;1;04.Jan.2022
25.36848;36.0;1;04.Jan.2022
25.36843;37.0;1;04.Jan.2022
25.36836;38.0;1;04.Jan.2022
25.36828;39.0;1;04.Jan.2022
25.36818;40.0;1;04.Jan.2022
25.36805;41.0;1;04.Jan.2022
25.3679;42.0;1;04.Jan.2022
25.36771;43.0;1;04.Jan.2022
25.36748;44.0;1;04.Jan.2022
25.3672;45.0;1;04.Jan.2022
25.36685;46.0;1;04.Jan.2022
25.36642;47.0;1;04.Jan.2022
25.3659;48.0;1;04.Jan.2022
25.36526;49.0;1;04.Jan.2022
25.36447;50.0;1;04.Jan.2022
25.36351;51.0;1;04.Jan.2022
25.36233;52.0;1;04.Jan.2022
25.3609;53.0;1;04.Jan.2022
25.35915;54.0;1;04.Jan.2022
25.35702;55.0;1;04.Jan.2022
25.35443;56.0;1;04.Jan.2022
25.35128;57.0;1;04.Jan.2022
25.34747;58.0;1;04.Jan.2022
25.34285;59.0;1;04.Jan.2022
25.33726;60.0;1;04.Jan.2022
25.33051;61.0;1;04.Jan.2022
25.32237;62.0;1;04.Jan.2022
25.31259;63.0;1;04.Jan.2022
25.30083;64.0;1;04.Jan.2022
25.28673;65.0;1;04.Jan.2022
25.26987;66.0;1;04.Jan.2022
25.24973;67.0;1;04.Jan.2022
25.22574;68.0;1;04.Jan.2022
25.19723;69.0;1;04.Jan.2022
25.16343;70.0;1;04.Jan.2022
25.12345;71.0;1;04.Jan.2022
25.07629;72.0;1;04.Jan.2022
25.02083;73.0;1;04.Jan.2022
24.95579;74.0;1;04.Jan.2022
24.87976;75.0;1;04.Jan.2022
24.79115;76.0;1;04.Jan.2022
24.68826;77.0;1;04.Jan.2022
24.56921;78.0;1;04.Jan.2022
24.43198;79.0;1;04.Jan.2022
24.27443;80.0;1;04.Jan.2022
24.09431;81.0;1;04.Jan.2022
23.88929;82.0;1;04.Jan.2022
23.65701;83.0;1;04.Jan.2022
23.39511;84.0;1;04.Jan.2022
23.10133;85.0;1;04.Jan.2022
22.77354;86.0;1;04.Jan.2022
22.40984;87.0;1;04.Jan.2022
22.00864;88.0;1;04.Jan.2022
21.56877;89.0;1;04.Jan.2022
21.08955;90.0;1;04.Jan.2022
20.57088;91.0;1;04.Jan.2022
20.01332;92.0;1;04.Jan.2022
19.41817;93.0;1;04.Jan.2022
18.7875;94.0;1;04.Jan.2022
18.12413;95.0;1;04.Jan.2022
17.43168;96.0;1;04.Jan.2022
16.71448;97.0;1;04.Jan.2022
15.9775;98.0;1;04.Jan.2022
15.22622;99.0;1;04.Jan.2022
14.46655;100.0;1;04.Jan.2022
13.70458;101.0;1;04.Jan.2022
12.9465;102.0;1;04.Jan.2022
12.19836;103.0;1;04.Jan.2022
11.46596;104.0;1;04.Jan.2022
10.75462;105.0;1;04.Jan.2022
10.06913;106.0;1;04.Jan.2022
9.4136;107.0;1;04.Jan.2022
8.7914;108.0;1;04.Jan.2022
8.20513;109.0;1;04.Jan.2022
7.65664;110.0;1;04.Jan.2022
7.14702;111.0;1;04.Jan.2022
6.67665;112.0;1;04.Jan.2022
6.2453;113.0;1;04.Jan.2022
5.85216;114.0;1;04.Jan.2022
5.49597;115.0;1;04.Jan.2022
5.17512;116.0;1;04.Jan.2022
4.88767;117.0;1;04.Jan.2022
4.63148;118.0;1;04.Jan.2022
4.40428;119.0;1;04.Jan.2022
4.20376;120.0;1;04.Jan.2022
4.0276;121.0;1;04.Jan.2022
3.8735;122.0;1;04.Jan.2022
3.73925;123.0;1;04.Jan.2022
3.62277;124.0;1;04.Jan.2022
3.52207;125.0;1;04.Jan.2022
3.43534;126.0;1;04.Jan.2022
3.36089;127.0;1;04.Jan.2022
3.29718;128.0;1;04.Jan.2022
3.24285;129.0;1;04.Jan.2022
3.19663;130.0;1;04.Jan.2022
3.15744;131.0;1;04.Jan.2022
3.1243;132.0;1;04.Jan.2022
3.09634;133.0;1;04.Jan.2022
3.07281;134.0;1;04.Jan.2022
3.05305;135.0;1;04.Jan.2022
3.0365;136.0;1;04.Jan.2022
3.02266;137.0;1;04.Jan.2022
3.01112;138.0;1;04.Jan.2022
3.00151;139.0;1;04.Jan.2022
2.99352;140.0;1;04.Jan.2022
2.98689;141.0;1;04.Jan.2022
2.98141;142.0;1;04.Jan.2022
2.97687;143.0;1;04.Jan.2022
2.97312;144.0;1;04.Jan.2022
2.97003;145.0;1;04.Jan.2022
2.96749;146.0;1;04.Jan.2022
2.9654;147.0;1;04.Jan.2022
2.96368;148.0;1;04.Jan.2022
2.96227;149.0;1;04.Jan.2022
2.96112;150.0;1;04.Jan.2022
2.96018;151.0;1;04.Jan.2022
2.95941;152.0;1;04.Jan.2022
2.95878;153.0;1;04.Jan.2022
2.95827;154.0;1;04.Jan.2022
2.95785;155.0;1;04.Jan.2022
2.95751;156.0;1;04.Jan.2022
2.95723;157.0;1;04.Jan.2022
2.95701;158.0;1;04.Jan.2022
2.95683;159.0;1;04.Jan.2022
2.95668;160.0;1;04.Jan.2022
2.95656;161.0;1;04.Jan.2022
2.95646;162.0;1;04.Jan.2022
2.95638;163.0;1;04.Jan.2022
2.95632;164.0;1;04.Jan.2022
2.95627;165.0;1;04.Jan.2022
2.95623;166.0;1;04.Jan.2022
2.95619;167.0;1;04.Jan.2022
2.95617;168.0;1;04.Jan.2022
2.95615;169.0;1;04.Jan.2022
2.95613;170.0;1;04.Jan.2022
2.95611;171.0;1;04.Jan.2022
2.9561;172.0;1;04.Jan.2022
2.95609;173.0;1;04.Jan.2022
2.95609;174.0;1;04.Jan.2022
2.95608;175.0;1;04.Jan.2022
2.95608;176.0;1;04.Jan.2022
2.95607;177.0;1;04.Jan.2022
2.95607;178.0;1;04.Jan.2022
2.95607;179.0;1;04.Jan.2022
2.95607;180.0;1;04.Jan.2022
2.95606;181.0;1;04.Jan.2022
2.95606;182.0;1;04.Jan.2022
2.95606;183.0;1;04.Jan.2022
2.95606;184.0;1;04.Jan.2022
2.95606;185.0;1;04.Jan.2022
2.95606;186.0;1;04.Jan.2022
2.95606;187.0;1;04.Jan.2022
2.95606;188.0;1;04.Jan.2022
2.95606;189.0;1;04.Jan.2022
2.95606;190.0;1;04.Jan.2022
2.95606;191.0;1;04.Jan.2022
2.95606;192.0;1;04.Jan.2022
2.95606;193.0;1;04.Jan.2022
2.95606;194.0;1;04.Jan.2022
2.95606;195.0;1;04.Jan.2022
2.95606;196.0;1;04.Jan.2022
2.95606;197.0;1;04.Jan.2022
2.95606;198.0;1;04.Jan.2022
2.95606;199.0;1;04.Jan.2022
2.95606;200.0;1;04.Jan.2022
24.879;1.0;2;01.Feb.2022
24.87759;2.0;2;01.Feb.2022
24.87476;3.0;2;01.Feb.2022
24.87052;4.0;2;01.Feb.2022
24.86485;5.0;2;01.Feb.2022
24.85776;6.0;2;01.Feb.2022
24.84923;7.0;2;01.Feb.2022
24.83924;8.0;2;01.Feb.2022
24.8278;9.0;2;01.Feb.2022
24.81488;10.0;2;01.Feb.2022
24.80047;11.0;2;01.Feb.2022
24.78455;12.0;2;01.Feb.2022
24.76711;13.0;2;01.Feb.2022
24.74811;14.0;2;01.Feb.2022
24.72754;15.0;2;01.Feb.2022
24.70538;16.0;2;01.Feb.2022
24.68159;17.0;2;01.Feb.2022
24.65615;18.0;2;01.Feb.2022
24.62904;19.0;2;01.Feb.2022
24.60021;20.0;2;01.Feb.2022
24.56965;21.0;2;01.Feb.2022
24.53731;22.0;2;01.Feb.2022
24.50316;23.0;2;01.Feb.2022
24.46717;24.0;2;01.Feb.2022
24.42929;25.0;2;01.Feb.2022
24.3895;26.0;2;01.Feb.2022
24.34774;27.0;2;01.Feb.2022
24.30399;28.0;2;01.Feb.2022
24.25819;29.0;2;01.Feb.2022
24.2103;30.0;2;01.Feb.2022
24.1603;31.0;2;01.Feb.2022
24.10811;32.0;2;01.Feb.2022
24.05372;33.0;2;01.Feb.2022
23.99706;34.0;2;01.Feb.2022
23.93809;35.0;2;01.Feb.2022
23.87677;36.0;2;01.Feb.2022
23.81306;37.0;2;01.Feb.2022
23.74689;38.0;2;01.Feb.2022
23.67824;39.0;2;01.Feb.2022
23.60705;40.0;2;01.Feb.2022
23.53327;41.0;2;01.Feb.2022
23.45686;42.0;2;01.Feb.2022
23.37778;43.0;2;01.Feb.2022
23.29599;44.0;2;01.Feb.2022
23.21143;45.0;2;01.Feb.2022
23.12406;46.0;2;01.Feb.2022
23.03385;47.0;2;01.Feb.2022
22.94076;48.0;2;01.Feb.2022
22.84474;49.0;2;01.Feb.2022
22.74575;50.0;2;01.Feb.2022
22.64378;51.0;2;01.Feb.2022
22.53877;52.0;2;01.Feb.2022
22.4307;53.0;2;01.Feb.2022
22.31954;54.0;2;01.Feb.2022
22.20526;55.0;2;01.Feb.2022
22.08785;56.0;2;01.Feb.2022
21.96727;57.0;2;01.Feb.2022
21.84352;58.0;2;01.Feb.2022
21.71658;59.0;2;01.Feb.2022
21.58643;60.0;2;01.Feb.2022
21.45307;61.0;2;01.Feb.2022
21.31649;62.0;2;01.Feb.2022
21.1767;63.0;2;01.Feb.2022
21.0337;64.0;2;01.Feb.2022
20.8875;65.0;2;01.Feb.2022
20.73811;66.0;2;01.Feb.2022
20.58554;67.0;2;01.Feb.2022
20.42982;68.0;2;01.Feb.2022
20.27098;69.0;2;01.Feb.2022
20.10904;70.0;2;01.Feb.2022
19.94404;71.0;2;01.Feb.2022
19.77603;72.0;2;01.Feb.2022
19.60504;73.0;2;01.Feb.2022
19.43113;74.0;2;01.Feb.2022
19.25436;75.0;2;01.Feb.2022
19.07478;76.0;2;01.Feb.2022
18.89246;77.0;2;01.Feb.2022
18.70747;78.0;2;01.Feb.2022
18.51989;79.0;2;01.Feb.2022
18.3298;80.0;2;01.Feb.2022
18.13729;81.0;2;01.Feb.2022
17.94244;82.0;2;01.Feb.2022
17.74536;83.0;2;01.Feb.2022
17.54613;84.0;2;01.Feb.2022
17.34487;85.0;2;01.Feb.2022
17.14169;86.0;2;01.Feb.2022
16.9367;87.0;2;01.Feb.2022
16.73001;88.0;2;01.Feb.2022
16.52174;89.0;2;01.Feb.2022
16.31203;90.0;2;01.Feb.2022
16.10099;91.0;2;01.Feb.2022
15.88876;92.0;2;01.Feb.2022
15.67547;93.0;2;01.Feb.2022
15.46125;94.0;2;01.Feb.2022
15.24624;95.0;2;01.Feb.2022
15.03059;96.0;2;01.Feb.2022
14.81443;97.0;2;01.Feb.2022
14.5979;98.0;2;01.Feb.2022
14.38115;99.0;2;01.Feb.2022
14.16431;100.0;2;01.Feb.2022
13.94754;101.0;2;01.Feb.2022
13.73097;102.0;2;01.Feb.2022
13.51475;103.0;2;01.Feb.2022
13.29902;104.0;2;01.Feb.2022
13.08393;105.0;2;01.Feb.2022
12.86961;106.0;2;01.Feb.2022
12.65622;107.0;2;01.Feb.2022
12.44388;108.0;2;01.Feb.2022
12.23274;109.0;2;01.Feb.2022
12.02292;110.0;2;01.Feb.2022
11.81455;111.0;2;01.Feb.2022
11.60775;112.0;2;01.Feb.2022
11.40263;113.0;2;01.Feb.2022
11.19933;114.0;2;01.Feb.2022
10.99796;115.0;2;01.Feb.2022
10.79862;116.0;2;01.Feb.2022
10.60141;117.0;2;01.Feb.2022
10.40644;118.0;2;01.Feb.2022
10.2138;119.0;2;01.Feb.2022
10.02358;120.0;2;01.Feb.2022
9.83586;121.0;2;01.Feb.2022
9.65073;122.0;2;01.Feb.2022
9.46826;123.0;2;01.Feb.2022
9.28851;124.0;2;01.Feb.2022
9.11156;125.0;2;01.Feb.2022
8.93746;126.0;2;01.Feb.2022
8.76626;127.0;2;01.Feb.2022
8.59802;128.0;2;01.Feb.2022
8.43278;129.0;2;01.Feb.2022
8.27058;130.0;2;01.Feb.2022
8.11145;131.0;2;01.Feb.2022
7.95543;132.0;2;01.Feb.2022
7.80253;133.0;2;01.Feb.2022
7.65278;134.0;2;01.Feb.2022
7.50619;135.0;2;01.Feb.2022
7.36278;136.0;2;01.Feb.2022
7.22254;137.0;2;01.Feb.2022
7.08549;138.0;2;01.Feb.2022
6.95162;139.0;2;01.Feb.2022
6.82093;140.0;2;01.Feb.2022
6.69341;141.0;2;01.Feb.2022
6.56904;142.0;2;01.Feb.2022
6.44781;143.0;2;01.Feb.2022
6.32971;144.0;2;01.Feb.2022
6.21471;145.0;2;01.Feb.2022
6.10279;146.0;2;01.Feb.2022
5.99392;147.0;2;01.Feb.2022
5.88806;148.0;2;01.Feb.2022
5.7852;149.0;2;01.Feb.2022
5.6853;150.0;2;01.Feb.2022
5.58832;151.0;2;01.Feb.2022
5.49422;152.0;2;01.Feb.2022
5.40297;153.0;2;01.Feb.2022
5.31452;154.0;2;01.Feb.2022
5.22884;155.0;2;01.Feb.2022
5.14589;156.0;2;01.Feb.2022
5.06561;157.0;2;01.Feb.2022
4.98797;158.0;2;01.Feb.2022
4.91292;159.0;2;01.Feb.2022
4.84041;160.0;2;01.Feb.2022
4.77041;161.0;2;01.Feb.2022
4.70286;162.0;2;01.Feb.2022
4.63773;163.0;2;01.Feb.2022
4.57495;164.0;2;01.Feb.2022
4.5145;165.0;2;01.Feb.2022
4.45632;166.0;2;01.Feb.2022
4.40037;167.0;2;01.Feb.2022
4.3466;168.0;2;01.Feb.2022
4.29497;169.0;2;01.Feb.2022
4.24544;170.0;2;01.Feb.2022
4.19796;171.0;2;01.Feb.2022
4.1525;172.0;2;01.Feb.2022
4.109;173.0;2;01.Feb.2022
4.06744;174.0;2;01.Feb.2022
4.02777;175.0;2;01.Feb.2022
3.98995;176.0;2;01.Feb.2022
3.95395;177.0;2;01.Feb.2022
3.91973;178.0;2;01.Feb.2022
3.88725;179.0;2;01.Feb.2022
3.85649;180.0;2;01.Feb.2022
3.82741;181.0;2;01.Feb.2022
3.79997;182.0;2;01.Feb.2022
3.77416;183.0;2;01.Feb.2022
3.74994;184.0;2;01.Feb.2022
3.72728;185.0;2;01.Feb.2022
3.70616;186.0;2;01.Feb.2022
3.68656;187.0;2;01.Feb.2022
3.66846;188.0;2;01.Feb.2022
3.65182;189.0;2;01.Feb.2022
3.63664;190.0;2;01.Feb.2022
3.6229;191.0;2;01.Feb.2022
3.61058;192.0;2;01.Feb.2022
3.59966;193.0;2;01.Feb.2022
3.59013;194.0;2;01.Feb.2022
3.58199;195.0;2;01.Feb.2022
3.57522;196.0;2;01.Feb.2022
3.56981;197.0;2;01.Feb.2022
3.56576;198.0;2;01.Feb.2022
3.56306;199.0;2;01.Feb.2022
3.56171;200.0;2;01.Feb.2022
14.96117;1.0;3;02.Jan.2023
14.96096;2.0;3;02.Jan.2023
14.96055;3.0;3;02.Jan.2023
14.95992;4.0;3;02.Jan.2023
14.9591;5.0;3;02.Jan.2023
14.95806;6.0;3;02.Jan.2023
14.95682;7.0;3;02.Jan.2023
14.95537;8.0;3;02.Jan.2023
14.95371;9.0;3;02.Jan.2023
14.95185;10.0;3;02.Jan.2023
14.94979;11.0;3;02.Jan.2023
14.94752;12.0;3;02.Jan.2023
14.94505;13.0;3;02.Jan.2023
14.94237;14.0;3;02.Jan.2023
14.93949;15.0;3;02.Jan.2023
14.93641;16.0;3;02.Jan.2023
14.93313;17.0;3;02.Jan.2023
14.92965;18.0;3;02.Jan.2023
14.92597;19.0;3;02.Jan.2023
14.92209;20.0;3;02.Jan.2023
14.91801;21.0;3;02.Jan.2023
14.91374;22.0;3;02.Jan.2023
14.90928;23.0;3;02.Jan.2023
14.90462;24.0;3;02.Jan.2023
14.89976;25.0;3;02.Jan.2023
14.89472;26.0;3;02.Jan.2023
14.88949;27.0;3;02.Jan.2023
14.88407;28.0;3;02.Jan.2023
14.87846;29.0;3;02.Jan.2023
14.87267;30.0;3;02.Jan.2023
14.86669;31.0;3;02.Jan.2023
14.86053;32.0;3;02.Jan.2023
14.85419;33.0;3;02.Jan.2023
14.84767;34.0;3;02.Jan.2023
14.84097;35.0;3;02.Jan.2023
14.8341;36.0;3;02.Jan.2023
14.82705;37.0;3;02.Jan.2023
14.81983;38.0;3;02.Jan.2023
14.81244;39.0;3;02.Jan.2023
14.80488;40.0;3;02.Jan.2023
14.79716;41.0;3;02.Jan.2023
14.78927;42.0;3;02.Jan.2023
14.78122;43.0;3;02.Jan.2023
14.77301;44.0;3;02.Jan.2023
14.76464;45.0;3;02.Jan.2023
14.75612;46.0;3;02.Jan.2023
14.74744;47.0;3;02.Jan.2023
14.73861;48.0;3;02.Jan.2023
14.72963;49.0;3;02.Jan.2023
14.7205;50.0;3;02.Jan.2023
14.71123;51.0;3;02.Jan.2023
14.70182;52.0;3;02.Jan.2023
14.69227;53.0;3;02.Jan.2023
14.68258;54.0;3;02.Jan.2023
14.67275;55.0;3;02.Jan.2023
14.6628;56.0;3;02.Jan.2023
14.65271;57.0;3;02.Jan.2023
14.6425;58.0;3;02.Jan.2023
14.63216;59.0;3;02.Jan.2023
14.62169;60.0;3;02.Jan.2023
14.61111;61.0;3;02.Jan.2023
14.60042;62.0;3;02.Jan.2023
14.5896;63.0;3;02.Jan.2023
14.57868;64.0;3;02.Jan.2023
14.56765;65.0;3;02.Jan.2023
14.55651;66.0;3;02.Jan.2023
14.54527;67.0;3;02.Jan.2023
14.53393;68.0;3;02.Jan.2023
14.52249;69.0;3;02.Jan.2023
14.51095;70.0;3;02.Jan.2023
14.49932;71.0;3;02.Jan.2023
14.48761;72.0;3;02.Jan.2023
14.47581;73.0;3;02.Jan.2023
14.46392;74.0;3;02.Jan.2023
14.45196;75.0;3;02.Jan.2023
14.43992;76.0;3;02.Jan.2023
14.4278;77.0;3;02.Jan.2023
14.41561;78.0;3;02.Jan.2023
14.40336;79.0;3;02.Jan.2023
14.39103;80.0;3;02.Jan.2023
14.37865;81.0;3;02.Jan.2023
14.36621;82.0;3;02.Jan.2023
14.35371;83.0;3;02.Jan.2023
14.34115;84.0;3;02.Jan.2023
14.32855;85.0;3;02.Jan.2023
14.3159;86.0;3;02.Jan.2023
14.30321;87.0;3;02.Jan.2023
14.29047;88.0;3;02.Jan.2023
14.2777;89.0;3;02.Jan.2023
14.26489;90.0;3;02.Jan.2023
14.25205;91.0;3;02.Jan.2023
14.23918;92.0;3;02.Jan.2023
14.22629;93.0;3;02.Jan.2023
14.21337;94.0;3;02.Jan.2023
14.20044;95.0;3;02.Jan.2023
14.18749;96.0;3;02.Jan.2023
14.17453;97.0;3;02.Jan.2023
14.16155;98.0;3;02.Jan.2023
14.14857;99.0;3;02.Jan.2023
14.13559;100.0;3;02.Jan.2023
14.12261;101.0;3;02.Jan.2023
14.10962;102.0;3;02.Jan.2023
14.09665;103.0;3;02.Jan.2023
14.08368;104.0;3;02.Jan.2023
14.07073;105.0;3;02.Jan.2023
14.05779;106.0;3;02.Jan.2023
14.04487;107.0;3;02.Jan.2023
14.03197;108.0;3;02.Jan.2023
14.0191;109.0;3;02.Jan.2023
14.00626;110.0;3;02.Jan.2023
13.99344;111.0;3;02.Jan.2023
13.98066;112.0;3;02.Jan.2023
13.96792;113.0;3;02.Jan.2023
13.95521;114.0;3;02.Jan.2023
13.94255;115.0;3;02.Jan.2023
13.92994;116.0;3;02.Jan.2023
13.91737;117.0;3;02.Jan.2023
13.90486;118.0;3;02.Jan.2023
13.8924;119.0;3;02.Jan.2023
13.88001;120.0;3;02.Jan.2023
13.86767;121.0;3;02.Jan.2023
13.8554;122.0;3;02.Jan.2023
13.84319;123.0;3;02.Jan.2023
13.83106;124.0;3;02.Jan.2023
13.819;125.0;3;02.Jan.2023
13.80701;126.0;3;02.Jan.2023
13.7951;127.0;3;02.Jan.2023
13.78328;128.0;3;02.Jan.2023
13.77154;129.0;3;02.Jan.2023
13.75989;130.0;3;02.Jan.2023
13.74833;131.0;3;02.Jan.2023
13.73686;132.0;3;02.Jan.2023
13.72549;133.0;3;02.Jan.2023
13.71422;134.0;3;02.Jan.2023
13.70305;135.0;3;02.Jan.2023
13.69198;136.0;3;02.Jan.2023
13.68102;137.0;3;02.Jan.2023
13.67017;138.0;3;02.Jan.2023
13.65944;139.0;3;02.Jan.2023
13.64882;140.0;3;02.Jan.2023
13.63831;141.0;3;02.Jan.2023
13.62793;142.0;3;02.Jan.2023
13.61767;143.0;3;02.Jan.2023
13.60753;144.0;3;02.Jan.2023
13.59753;145.0;3;02.Jan.2023
13.58765;146.0;3;02.Jan.2023
13.57791;147.0;3;02.Jan.2023
13.5683;148.0;3;02.Jan.2023
13.55883;149.0;3;02.Jan.2023
13.5495;150.0;3;02.Jan.2023
13.54031;151.0;3;02.Jan.2023
13.53126;152.0;3;02.Jan.2023
13.52237;153.0;3;02.Jan.2023
13.51362;154.0;3;02.Jan.2023
13.50502;155.0;3;02.Jan.2023
13.49658;156.0;3;02.Jan.2023
13.48829;157.0;3;02.Jan.2023
13.48016;158.0;3;02.Jan.2023
13.47219;159.0;3;02.Jan.2023
13.46438;160.0;3;02.Jan.2023
13.45674;161.0;3;02.Jan.2023
13.44925;162.0;3;02.Jan.2023
13.44194;163.0;3;02.Jan.2023
13.4348;164.0;3;02.Jan.2023
13.42783;165.0;3;02.Jan.2023
13.42103;166.0;3;02.Jan.2023
13.4144;167.0;3;02.Jan.2023
13.40795;168.0;3;02.Jan.2023
13.40168;169.0;3;02.Jan.2023
13.39559;170.0;3;02.Jan.2023
13.38968;171.0;3;02.Jan.2023
13.38395;172.0;3;02.Jan.2023
13.3784;173.0;3;02.Jan.2023
13.37305;174.0;3;02.Jan.2023
13.36787;175.0;3;02.Jan.2023
13.36289;176.0;3;02.Jan.2023
13.35809;177.0;3;02.Jan.2023
13.35349;178.0;3;02.Jan.2023
13.34907;179.0;3;02.Jan.2023
13.34485;180.0;3;02.Jan.2023
13.34083;181.0;3;02.Jan.2023
13.337;182.0;3;02.Jan.2023
13.33336;183.0;3;02.Jan.2023
13.32992;184.0;3;02.Jan.2023
13.32668;185.0;3;02.Jan.2023
13.32364;186.0;3;02.Jan.2023
13.32079;187.0;3;02.Jan.2023
13.31815;188.0;3;02.Jan.2023
13.31571;189.0;3;02.Jan.2023
13.31347;190.0;3;02.Jan.2023
13.31143;191.0;3;02.Jan.2023
13.30959;192.0;3;02.Jan.2023
13.30795;193.0;3;02.Jan.2023
13.30652;194.0;3;02.Jan.2023
13.3053;195.0;3;02.Jan.2023
13.30427;196.0;3;02.Jan.2023
13.30345;197.0;3;02.Jan.2023
13.30284;198.0;3;02.Jan.2023
13.30243;199.0;3;02.Jan.2023
13.30223;200.0;3;02.Jan.2023
14.16267;1.0;4;02.Jan.2027
14.16267;2.0;4;02.Jan.2027
14.16266;3.0;4;02.Jan.2027
14.16264;4.0;4;02.Jan.2027
14.16262;5.0;4;02.Jan.2027
14.1626;6.0;4;02.Jan.2027
14.16257;7.0;4;02.Jan.2027
14.16254;8.0;4;02.Jan.2027
14.1625;9.0;4;02.Jan.2027
14.16245;10.0;4;02.Jan.2027
14.1624;11.0;4;02.Jan.2027
14.16235;12.0;4;02.Jan.2027
14.16229;13.0;4;02.Jan.2027
14.16223;14.0;4;02.Jan.2027
14.16216;15.0;4;02.Jan.2027
14.16208;16.0;4;02.Jan.2027
14.16201;17.0;4;02.Jan.2027
14.16192;18.0;4;02.Jan.2027
14.16184;19.0;4;02.Jan.2027
14.16174;20.0;4;02.Jan.2027
14.16165;21.0;4;02.Jan.2027
14.16154;22.0;4;02.Jan.2027
14.16144;23.0;4;02.Jan.2027
14.16133;24.0;4;02.Jan.2027
14.16121;25.0;4;02.Jan.2027
14.16109;26.0;4;02.Jan.2027
14.16097;27.0;4;02.Jan.2027
14.16084;28.0;4;02.Jan.2027
14.1607;29.0;4;02.Jan.2027
14.16056;30.0;4;02.Jan.2027
14.16042;31.0;4;02.Jan.2027
14.16028;32.0;4;02.Jan.2027
14.16012;33.0;4;02.Jan.2027
14.15997;34.0;4;02.Jan.2027
14.15981;35.0;4;02.Jan.2027
14.15964;36.0;4;02.Jan.2027
14.15948;37.0;4;02.Jan.2027
14.1593;38.0;4;02.Jan.2027
14.15913;39.0;4;02.Jan.2027
14.15895;40.0;4;02.Jan.2027
14.15876;41.0;4;02.Jan.2027
14.15857;42.0;4;02.Jan.2027
14.15838;43.0;4;02.Jan.2027
14.15818;44.0;4;02.Jan.2027
14.15798;45.0;4;02.Jan.2027
14.15778;46.0;4;02.Jan.2027
14.15757;47.0;4;02.Jan.2027
14.15736;48.0;4;02.Jan.2027
14.15714;49.0;4;02.Jan.2027
14.15693;50.0;4;02.Jan.2027
14.1567;51.0;4;02.Jan.2027
14.15648;52.0;4;02.Jan.2027
14.15625;53.0;4;02.Jan.2027
14.15602;54.0;4;02.Jan.2027
14.15578;55.0;4;02.Jan.2027
14.15554;56.0;4;02.Jan.2027
14.1553;57.0;4;02.Jan.2027
14.15505;58.0;4;02.Jan.2027
14.15481;59.0;4;02.Jan.2027
14.15456;60.0;4;02.Jan.2027
14.1543;61.0;4;02.Jan.2027
14.15404;62.0;4;02.Jan.2027
14.15378;63.0;4;02.Jan.2027
14.15352;64.0;4;02.Jan.2027
14.15326;65.0;4;02.Jan.2027
14.15299;66.0;4;02.Jan.2027
14.15272;67.0;4;02.Jan.2027
14.15244;68.0;4;02.Jan.2027
14.15217;69.0;4;02.Jan.2027
14.15189;70.0;4;02.Jan.2027
14.15161;71.0;4;02.Jan.2027
14.15133;72.0;4;02.Jan.2027
14.15104;73.0;4;02.Jan.2027
14.15076;74.0;4;02.Jan.2027
14.15047;75.0;4;02.Jan.2027
14.15018;76.0;4;02.Jan.2027
14.14989;77.0;4;02.Jan.2027
14.14959;78.0;4;02.Jan.2027
14.1493;79.0;4;02.Jan.2027
14.149;80.0;4;02.Jan.2027
14.1487;81.0;4;02.Jan.2027
14.1484;82.0;4;02.Jan.2027
14.1481;83.0;4;02.Jan.2027
14.1478;84.0;4;02.Jan.2027
14.14749;85.0;4;02.Jan.2027
14.14719;86.0;4;02.Jan.2027
14.14688;87.0;4;02.Jan.2027
14.14657;88.0;4;02.Jan.2027
14.14626;89.0;4;02.Jan.2027
14.14595;90.0;4;02.Jan.2027
14.14564;91.0;4;02.Jan.2027
14.14533;92.0;4;02.Jan.2027
14.14502;93.0;4;02.Jan.2027
14.14471;94.0;4;02.Jan.2027
14.14439;95.0;4;02.Jan.2027
14.14408;96.0;4;02.Jan.2027
14.14377;97.0;4;02.Jan.2027
14.14345;98.0;4;02.Jan.2027
14.14314;99.0;4;02.Jan.2027
14.14283;100.0;4;02.Jan.2027
14.14251;101.0;4;02.Jan.2027
14.1422;102.0;4;02.Jan.2027
14.14188;103.0;4;02.Jan.2027
14.14157;104.0;4;02.Jan.2027
14.14125;105.0;4;02.Jan.2027
14.14094;106.0;4;02.Jan.2027
14.14063;107.0;4;02.Jan.2027
14.14032;108.0;4;02.Jan.2027
14.14;109.0;4;02.Jan.2027
14.13969;110.0;4;02.Jan.2027
14.13938;111.0;4;02.Jan.2027
14.13907;112.0;4;02.Jan.2027
14.13876;113.0;4;02.Jan.2027
14.13846;114.0;4;02.Jan.2027
14.13815;115.0;4;02.Jan.2027
14.13784;116.0;4;02.Jan.2027
14.13754;117.0;4;02.Jan.2027
14.13724;118.0;4;02.Jan.2027
14.13693;119.0;4;02.Jan.2027
14.13663;120.0;4;02.Jan.2027
14.13633;121.0;4;02.Jan.2027
14.13604;122.0;4;02.Jan.2027
14.13574;123.0;4;02.Jan.2027
14.13545;124.0;4;02.Jan.2027
14.13515;125.0;4;02.Jan.2027
14.13486;126.0;4;02.Jan.2027
14.13458;127.0;4;02.Jan.2027
14.13429;128.0;4;02.Jan.2027
14.134;129.0;4;02.Jan.2027
14.13372;130.0;4;02.Jan.2027
14.13344;131.0;4;02.Jan.2027
14.13316;132.0;4;02.Jan.2027
14.13289;133.0;4;02.Jan.2027
14.13262;134.0;4;02.Jan.2027
14.13235;135.0;4;02.Jan.2027
14.13208;136.0;4;02.Jan.2027
14.13181;137.0;4;02.Jan.2027
14.13155;138.0;4;02.Jan.2027
14.13129;139.0;4;02.Jan.2027
14.13103;140.0;4;02.Jan.2027
14.13078;141.0;4;02.Jan.2027
14.13053;142.0;4;02.Jan.2027
14.13028;143.0;4;02.Jan.2027
14.13003;144.0;4;02.Jan.2027
14.12979;145.0;4;02.Jan.2027
14.12955;146.0;4;02.Jan.2027
14.12931;147.0;4;02.Jan.2027
14.12908;148.0;4;02.Jan.2027
14.12885;149.0;4;02.Jan.2027
14.12863;150.0;4;02.Jan.2027
14.1284;151.0;4;02.Jan.2027
14.12819;152.0;4;02.Jan.2027
14.12797;153.0;4;02.Jan.2027
14.12776;154.0;4;02.Jan.2027
14.12755;155.0;4;02.Jan.2027
14.12735;156.0;4;02.Jan.2027
14.12715;157.0;4;02.Jan.2027
14.12695;158.0;4;02.Jan.2027
14.12676;159.0;4;02.Jan.2027
14.12657;160.0;4;02.Jan.2027
14.12638;161.0;4;02.Jan.2027
14.1262;162.0;4;02.Jan.2027
14.12603;163.0;4;02.Jan.2027
14.12585;164.0;4;02.Jan.2027
14.12568;165.0;4;02.Jan.2027
14.12552;166.0;4;02.Jan.2027
14.12536;167.0;4;02.Jan.2027
14.12521;168.0;4;02.Jan.2027
14.12505;169.0;4;02.Jan.2027
14.12491;170.0;4;02.Jan.2027
14.12476;171.0;4;02.Jan.2027
14.12463;172.0;4;02.Jan.2027
14.12449;173.0;4;02.Jan.2027
14.12436;174.0;4;02.Jan.2027
14.12424;175.0;4;02.Jan.2027
14.12412;176.0;4;02.Jan.2027
14.124;177.0;4;02.Jan.2027
14.12389;178.0;4;02.Jan.2027
14.12378;179.0;4;02.Jan.2027
14.12368;180.0;4;02.Jan.2027
14.12358;181.0;4;02.Jan.2027
14.12349;182.0;4;02.Jan.2027
14.1234;183.0;4;02.Jan.2027
14.12332;184.0;4;02.Jan.2027
14.12324;185.0;4;02.Jan.2027
14.12317;186.0;4;02.Jan.2027
14.1231;187.0;4;02.Jan.2027
14.12304;188.0;4;02.Jan.2027
14.12298;189.0;4;02.Jan.2027
14.12292;190.0;4;02.Jan.2027
14.12288;191.0;4;02.Jan.2027
14.12283;192.0;4;02.Jan.2027
14.12279;193.0;4;02.Jan.2027
14.12276;194.0;4;02.Jan.2027
14.12273;195.0;4;02.Jan.2027
14.1227;196.0;4;02.Jan.2027
14.12268;197.0;4;02.Jan.2027
14.12267;198.0;4;02.Jan.2027
14.12266;199.0;4;02.Jan.2027
14.12265;200.0;4;02.Jan.2027
